{"cameraMode":{"drawMode":0,"name":"Shaded","section":"Shading Mode"},"sceneLighting":true,"audioPlay":false,"sceneViewState":{"showFog":true,"showMaterialUpdate":false,"showSkybox":true,"showFlares":true,"showImageEffects":true,"showParticleSystems":true},"in2DMode":false,"pivot":{"x":-9.699899673461914,"y":67.08013916015625,"z":11.44995403289795},"rotation":{"x":-0.031242311000823976,"y":0.7728748321533203,"z":-0.03759894147515297,"w":-0.6328171491622925},"size":80.31537628173828,"orthographic":true}