{"cameraMode":{"drawMode":0,"name":"Shaded","section":"Shading Mode"},"sceneLighting":true,"audioPlay":false,"sceneViewState":{"showFog":true,"showMaterialUpdate":false,"showSkybox":true,"showFlares":true,"showImageEffects":true,"showParticleSystems":true},"in2DMode":false,"pivot":{"x":0.062212586402893069,"y":-0.17222721874713899,"z":-0.017751634120941163},"rotation":{"x":-0.055572450160980228,"y":-0.8930912613868713,"z":0.11504322290420532,"w":-0.43140456080436709},"size":34.315704345703128,"orthographic":false}