{"cameraMode":{"drawMode":0,"name":"Shaded","section":"Shading Mode"},"sceneLighting":true,"audioPlay":false,"sceneViewState":{"showFog":true,"showMaterialUpdate":false,"showSkybox":true,"showFlares":true,"showImageEffects":true,"showParticleSystems":true},"in2DMode":false,"pivot":{"x":-10.471136093139649,"y":27.524944305419923,"z":42.68321990966797},"rotation":{"x":0.07098958641290665,"y":0.09858746081590653,"z":-0.00704523641616106,"w":0.9925738573074341},"size":705.7424926757813,"orthographic":true}