{"cameraMode":{"drawMode":0,"name":"Shaded","section":"Shading Mode"},"sceneLighting":true,"audioPlay":false,"sceneViewState":{"showFog":true,"showMaterialUpdate":false,"showSkybox":true,"showFlares":true,"showImageEffects":true,"showParticleSystems":true},"in2DMode":false,"pivot":{"x":3.4123361110687258,"y":6.465453147888184,"z":0.4815354645252228},"rotation":{"x":0.01049751229584217,"y":0.007199699524790049,"z":-0.00007314953836612403,"w":0.9999353885650635},"size":9.664997100830079,"orthographic":false}