{"cameraMode":{"drawMode":0,"name":"Shaded","section":"Shading Mode"},"sceneLighting":true,"audioPlay":false,"sceneViewState":{"showFog":true,"showMaterialUpdate":false,"showSkybox":true,"showFlares":true,"showImageEffects":true,"showParticleSystems":true},"in2DMode":false,"pivot":{"x":48.99993133544922,"y":54.43132400512695,"z":42.799949645996097},"rotation":{"x":0.18225020170211793,"y":-0.1029110848903656,"z":0.01851324923336506,"w":0.9778313040733337},"size":47.950008392333987,"orthographic":true}