{"cameraMode":{"drawMode":0,"name":"Shaded","section":"Shading Mode"},"sceneLighting":false,"audioPlay":false,"sceneViewState":{"showFog":true,"showMaterialUpdate":false,"showSkybox":false,"showFlares":true,"showImageEffects":true,"showParticleSystems":true},"in2DMode":false,"pivot":{"x":2.2637171745300295,"y":0.08959373831748963,"z":-1.1010860204696656},"rotation":{"x":0.43684735894203188,"y":0.5470083951950073,"z":-0.4074477553367615,"w":0.5864706635475159},"size":6.501406669616699,"orthographic":false}