{"cameraMode":{"drawMode":0,"name":"Shaded","section":"Shading Mode"},"sceneLighting":true,"audioPlay":false,"sceneViewState":{"showFog":true,"showMaterialUpdate":false,"showSkybox":true,"showFlares":true,"showImageEffects":true,"showParticleSystems":true},"in2DMode":false,"pivot":{"x":-6.029365539550781,"y":3.8140907287597658,"z":9.119585037231446},"rotation":{"x":-0.023846209049224855,"y":0.8354062438011169,"z":-0.03636310622096062,"w":-0.547932505607605},"size":17.359045028686525,"orthographic":false}