{"cameraMode":{"drawMode":0,"name":"Shaded","section":"Shading Mode"},"sceneLighting":true,"audioPlay":false,"sceneViewState":{"showFog":true,"showMaterialUpdate":false,"showSkybox":true,"showFlares":true,"showImageEffects":true,"showParticleSystems":true},"in2DMode":false,"pivot":{"x":-0.02379026636481285,"y":-0.06992641091346741,"z":0.6231399774551392},"rotation":{"x":0.38321658968925478,"y":-0.03765782713890076,"z":0.01565026305615902,"w":0.9227909445762634},"size":24.146018981933595,"orthographic":false}