{"cameraMode":{"drawMode":0,"name":"Shaded","section":"Shading Mode"},"sceneLighting":false,"audioPlay":false,"sceneViewState":{"showFog":true,"showMaterialUpdate":false,"showSkybox":false,"showFlares":true,"showImageEffects":true,"showParticleSystems":true},"in2DMode":false,"pivot":{"x":0.0,"y":0.8702576160430908,"z":-0.07926630973815918},"rotation":{"x":0.003563480917364359,"y":-0.9891616702079773,"z":0.14475475251674653,"w":0.024344997480511667},"size":10.183222770690918,"orthographic":false}