{"cameraMode":{"drawMode":0,"name":"Shaded","section":"Shading Mode"},"sceneLighting":true,"audioPlay":false,"sceneViewState":{"showFog":true,"showMaterialUpdate":false,"showSkybox":true,"showFlares":true,"showImageEffects":true,"showParticleSystems":true},"in2DMode":false,"pivot":{"x":0.00811446737498045,"y":0.04986851289868355,"z":0.023487284779548646},"rotation":{"x":0.31181830167770388,"y":-0.033426299691200259,"z":0.010976475663483143,"w":0.9494901895523071},"size":34.16016387939453,"orthographic":false}