{"cameraMode":{"drawMode":0,"name":"Shaded","section":"Shading Mode"},"sceneLighting":false,"audioPlay":false,"sceneViewState":{"showFog":true,"showMaterialUpdate":false,"showSkybox":false,"showFlares":true,"showImageEffects":true,"showParticleSystems":true},"in2DMode":false,"pivot":{"x":0.0,"y":0.8702576160430908,"z":-0.07926630973815918},"rotation":{"x":0.40563443303108218,"y":0.02267364412546158,"z":-0.010066824965178967,"w":0.913698673248291},"size":10.183222770690918,"orthographic":false}